{
  "verdict": "FAIL",
  "metrics": {
    "max_breach_30m": {
      "mean_real": -0.0004910918471136127,
      "mean_rand": -0.0005109127047813878,
      "mean_diff": 1.9820857667775162e-05,
      "ci_lo": -9.550619080207972e-05,
      "ci_hi": 0.00015081133623927827,
      "cohen_d": 0.012597881607187928,
      "n": 1082,
      "favors_gex": false
    },
    "max_breach_60m": {
      "mean_real": -0.00018312721760971727,
      "mean_rand": -0.00023470987563747937,
      "mean_diff": 5.15826580277621e-05,
      "ci_lo": -0.00010181079867408921,
      "ci_hi": 0.00024713765209992514,
      "cohen_d": 0.026697319789771898,
      "n": 1082,
      "favors_gex": false
    },
    "bounce_30m": {
      "rate_real": 0.22735674676524953,
      "rate_rand": 0.22735674676524953,
      "prop_diff_pp": 0.0,
      "ci_lo_pp": -4.750101981424457,
      "ci_hi_pp": 5.010161388607936,
      "cohen_d": 0.0,
      "n": 1082,
      "favors_gex": false
    },
    "bounce_60m": {
      "rate_real": 0.29944547134935307,
      "rate_rand": 0.3188539741219963,
      "prop_diff_pp": -1.9408502772643252,
      "ci_lo_pp": -7.260736583212461,
      "ci_hi_pp": 3.222731666772055,
      "cohen_d": -0.019408502772643253,
      "n": 1082,
      "favors_gex": false
    }
  },
  "n_approaches": 1082,
  "n_days": 32,
  "n_per_level": {
    "floor": 555,
    "king": 424,
    "ceiling": 103
  },
  "n_per_ticker": {
    "SPX": 1082
  }
}