{
  "verdict": "FAIL",
  "metrics": {
    "max_breach_30m": {
      "mean_real": -0.00041557020485667224,
      "mean_rand": -0.0004733244374462348,
      "mean_diff": 5.7754232589562535e-05,
      "ci_lo": -0.00031226268358424937,
      "ci_hi": 0.000544657432941766,
      "cohen_d": 0.023727471332654793,
      "n": 1148,
      "favors_gex": false
    },
    "max_breach_60m": {
      "mean_real": 0.00017894280662420373,
      "mean_rand": 1.2333144690206614e-05,
      "mean_diff": 0.00016660966193399708,
      "ci_lo": -0.0005150151013522075,
      "ci_hi": 0.0011663544124148313,
      "cohen_d": 0.04984638921165502,
      "n": 1148,
      "favors_gex": false
    },
    "bounce_30m": {
      "rate_real": 0.44686411149825783,
      "rate_rand": 0.44076655052264807,
      "prop_diff_pp": 0.6097560975609756,
      "ci_lo_pp": -9.692151087239019,
      "ci_hi_pp": 9.435524163466999,
      "cohen_d": 0.006097560975609756,
      "n": 1148,
      "favors_gex": true
    },
    "bounce_60m": {
      "rate_real": 0.5522648083623694,
      "rate_rand": 0.5374564459930313,
      "prop_diff_pp": 1.480836236933798,
      "ci_lo_pp": -12.626759089298941,
      "ci_hi_pp": 13.777045238891969,
      "cohen_d": 0.014808362369337979,
      "n": 1148,
      "favors_gex": true
    }
  },
  "n_approaches": 1148,
  "n_days": 26,
  "n_per_level": {
    "floor": 694,
    "king": 438,
    "ceiling": 16
  },
  "n_per_ticker": {
    "SPY": 543,
    "QQQ": 415,
    "IWM": 190
  }
}