{
  "verdict": "FAIL",
  "metrics": {
    "max_breach_30m": {
      "mean_real": -0.00011609086747530949,
      "mean_rand": -0.0021728725783927813,
      "mean_diff": 0.0020567817109174717,
      "ci_lo": 0.0017981948295740903,
      "ci_hi": 0.0023540752299846886,
      "cohen_d": 0.7753683503250348,
      "n": 1668,
      "favors_gex": false
    },
    "max_breach_60m": {
      "mean_real": 0.0004710034968869853,
      "mean_rand": -0.001636984152449801,
      "mean_diff": 0.0021079876493367866,
      "ci_lo": 0.001716910242467415,
      "ci_hi": 0.002582549582382269,
      "cohen_d": 0.6773035004839129,
      "n": 1668,
      "favors_gex": false
    },
    "bounce_30m": {
      "rate_real": 0.37290167865707435,
      "rate_rand": 0.7709832134292566,
      "prop_diff_pp": -39.80815347721823,
      "ci_lo_pp": -46.45099905529377,
      "ci_hi_pp": -33.054755882345496,
      "cohen_d": -0.3980815347721823,
      "n": 1668,
      "favors_gex": false
    },
    "bounce_60m": {
      "rate_real": 0.4826139088729017,
      "rate_rand": 0.8123501199040767,
      "prop_diff_pp": -32.97362110311751,
      "ci_lo_pp": -42.28694860763085,
      "ci_hi_pp": -25.308910616942114,
      "cohen_d": -0.32973621103117506,
      "n": 1668,
      "favors_gex": false
    }
  },
  "n_approaches": 1668,
  "n_days": 29,
  "n_per_level": {
    "floor": 987,
    "king": 659,
    "ceiling": 22
  },
  "n_per_ticker": {
    "SPY": 735,
    "QQQ": 545,
    "IWM": 388
  }
}